date,AAPL,GLD,GOOG,IWM,MSFT,SPY,TLT,VNQ
2018-01-31,0.125,0.125,0.125,0.125,0.125,0.125,0.125,0.125
2018-02-07,0.125,0.125,0.125,0.125,0.125,0.125,0.125,0.125
2018-02-14,0.125,0.125,0.125,0.125,0.125,0.125,0.125,0.125
2018-02-22,0.125,0.125,0.125,0.125,0.125,0.125,0.125,0.125
2018-03-01,0.125,0.125,0.125,0.125,0.125,0.125,0.125,0.125
2018-03-08,0.125,0.125,0.125,0.125,0.125,0.125,0.125,0.125
2018-03-15,0.125,0.125,0.125,0.125,0.125,0.125,0.125,0.125
2018-03-22,0.125,0.125,0.125,0.125,0.125,0.125,0.125,0.125
2018-03-29,0.125,0.125,0.125,0.125,0.125,0.125,0.125,0.125
2018-04-06,0.125,0.125,0.125,0.125,0.125,0.125,0.125,0.125
2018-04-13,0.125,0.125,0.125,0.125,0.125,0.125,0.125,0.125
2018-04-20,0.125,0.125,0.125,0.125,0.125,0.125,0.125,0.125
2018-04-27,0.0,0.28958990851586075,1.1516523425187837e-18,0.20099867006642794,1.5952003520968613e-18,0.005331623231883377,0.5040797981858279,1.8784326741201253e-17
2018-05-04,0.0,0.226058158630858,2.841339986407018e-18,0.27598229730068163,0.0,1.5110710421075393e-17,0.49795954406846027,0.0
2018-05-11,0.0,0.28640287292074434,1.3177540878952942e-18,0.3165375215300457,3.2222942363990715e-18,0.0,0.39705960554921005,2.1095679445685008e-19
2018-05-18,4.023363122996249e-18,0.19199456483280272,7.2386938894232e-18,0.4227197823590545,1.748973141361672e-18,0.0,0.3852856528081428,0.0
2018-05-25,0.0,0.2163245313998609,0.0,0.23948628812058426,1.635668944331432e-17,0.1764619119877127,0.36772726849184223,1.85641979122028e-17
2018-06-04,0.02004555222284035,0.3781885110661133,0.0,0.3376097160759783,1.2541936256824045e-17,0.06144459034835054,0.20271163028671743,6.173958539113994e-18
2018-06-11,0.031465695368350546,0.42337938120314905,0.0,0.1872808383541359,0.0,0.1685368772234505,0.1671943896814133,0.02214281816950077
2018-06-18,0.0,0.3808799875117156,0.0,0.22916538478678825,1.7567292499421058e-17,0.1870812206895093,0.2028734070119869,1.7977187701540254e-18
2018-06-25,0.0041717574976879715,0.5015583825596623,0.0,0.12555610382460833,1.2136935816250124e-17,0.20288575784472213,0.16582799827331937,1.2272182216663709e-17
2018-07-02,2.6041493357736113e-17,0.1945117833566755,1.2695175087944415e-17,0.0,0.0,0.42470563364992403,0.38078258299340056,4.989586790631581e-18
2018-07-10,9.12256214120275e-18,0.1311744250837788,0.0,0.016309172549717785,9.951904635465101e-18,0.3273247688444987,0.5251916335220047,0.0
2018-07-17,0.02663436323739408,0.1353860748472981,0.0,0.05420217724239219,0.0,0.23327269225901454,0.5505046924139012,7.044122527950471e-18
2018-07-24,0.014436583991804898,0.10828396631037726,6.202401248616329e-18,0.021832155952324222,0.0,0.44567349300013515,0.40977380074535846,6.688706189463386e-18
2018-07-31,5.622175346560331e-18,0.12591526569813719,1.7283865709172054e-17,0.006094707585076523,0.0,0.42016928403359044,0.4478207426831958,0.0
2018-08-07,0.0,0.13252512191000032,3.506354328727449e-17,2.813690361875949e-17,0.0,0.4736092005467241,0.3938656775432755,1.1817576860546536e-17
2018-08-14,0.0020489705897445763,0.14766955136760723,9.35345043493585e-18,0.0,2.8951317459240763e-18,0.4969340567469827,0.35334742129566554,0.0
2018-08-21,0.0014983386716021468,0.055304833995757335,0.005354959735064068,0.0,0.0,0.41759137361017223,0.5202504939874041,1.372136367423685e-17
2018-08-28,0.0,0.01353124719984616,7.982974744875271e-18,0.033953988865381306,0.039580139772138916,0.4196488068294111,0.46519659836640037,0.028089218966822205
2018-09-05,0.09909883165184898,0.04043071980962925,1.253759950117577e-18,0.03157879195546483,4.2139475153501396e-18,0.33067968773590495,0.498211968847152,0.0
2018-09-12,0.020108452380310716,0.01788100857144203,1.368723957574483e-17,0.027470351308076547,0.0,0.4819622289724007,0.45257795876777007,1.186461632587028e-17
2018-09-19,2.123086083279839e-18,0.05413605286899137,1.0372729296950994e-17,0.17604306477527593,0.0,0.3929119517585279,0.37690893059720487,0.0
2018-09-26,0.015053294881239635,0.2181230041290863,0.0,0.02718443599368059,0.0,0.4045136382320651,0.3351256267639284,1.1740204213250783e-18
2018-10-03,1.3754537983538248e-17,0.09131716108504835,0.0,0.005001873612421252,1.6077747212516347e-17,0.6652673361092867,0.23841362919324363,1.5519082444390877e-17
2018-10-10,0.04100376417195272,0.4632954415158706,1.6100846494821389e-19,0.1041183625445004,0.0,0.03481136802277976,0.31445544860314956,0.042315615141746775
2018-10-17,0.0462100479615266,0.3276038308750043,2.078794658347825e-18,0.028241465043308857,4.972792721264153e-19,0.12510534846281807,0.3988927779434433,0.07394652971389898
2018-10-24,0.03311631012371942,0.33613699758637594,8.88518833427503e-19,0.023064588108355537,0.0,0.11619722282221262,0.3955712404542937,0.09591364090504277
2018-10-31,0.0,0.2833803584505958,1.9887932883394404e-19,2.210769444009096e-18,0.0,0.1437019001458429,0.5235912980870696,0.04932644331649164
2018-11-07,0.0,0.2702800027729367,4.502207961954409e-18,3.0354949793516123e-18,0.0,0.13442179440770566,0.560275023081147,0.0350231797382108
2018-11-14,0.0,0.3645212300053118,0.0,0.0,1.0806918682042265e-17,0.11619733268986789,0.456863607435079,0.06241782986974133
2018-11-21,0.0,0.3402430421719021,0.0,2.408860511383216e-18,1.4945517464285815e-17,0.13589645315074905,0.48069104253467543,0.043169462142673504
2018-11-29,2.0411422774997667e-18,0.30264459864239013,7.348474102802709e-20,0.0,0.0,0.09364900217338987,0.4425846528103338,0.16112174637388624
2018-12-07,0.0,0.3487689313732227,0.0,2.585796174289174e-18,2.8094128723643093e-18,0.10386557356288358,0.45570800261972144,0.09165749244417232
2018-12-14,0.0,0.5133170759410874,0.0,0.0,0.0,0.0802696085139292,0.3231777645503133,0.08323555099467014
2018-12-21,4.417656874232029e-20,0.40474101819091407,0.0,0.0,1.118214345860773e-18,0.11885678599047178,0.4175266287313752,0.05887556708723889
2018-12-31,9.402360998917367e-19,0.42829446868235166,0.0,0.0,0.0,0.08837438104955055,0.4125264235581139,0.07080472670998392
2019-01-08,0.0,0.35050744888968827,5.6777457491074245e-18,0.0,7.649546550324822e-19,0.1431945488310724,0.46606809839944907,0.04022990387979034
2019-01-15,0.0,0.3518178645306564,0.021186887400394126,0.0,5.824210853842334e-18,0.11744055591345973,0.46744030611595794,0.04211438603953168
2019-01-23,0.0,0.3543882677814249,0.015994424478981882,0.0027617227597221314,1.3650121670588752e-17,0.11634926283273789,0.4599913830913564,0.05051493905577677
2019-01-30,0.0,0.2607211640413943,0.0031646430193473765,0.029175542803202312,0.0,0.13356186794625113,0.485522835058977,0.08785394713082803
2019-02-06,0.0,0.1843224997601356,0.0,0.07799861678805269,2.6338990273702e-18,0.18638326152983037,0.4765058280782602,0.07478979384372123
2019-02-13,0.0,0.18800362762434403,1.0526817799477069e-18,0.09860663145420714,0.0,0.15504801519139014,0.46008840916190935,0.09825331656814942
2019-02-21,3.3287527343659566e-18,0.10885997790329215,2.42236522906246e-19,0.1472063237185334,1.8114559861637025e-17,0.1941371190107585,0.47920299325903487,0.07059358610838116
2019-02-28,5.597182280644494e-17,0.14998002527406387,0.0,8.920261939312565e-17,0.0,0.44249456485658417,0.3647932948857243,0.042732114983627445
2019-03-07,0.0,0.11407940893182074,0.0,9.304496325954547e-18,0.0,0.35862113207572327,0.36545760223558676,0.16184185675686932
2019-03-14,8.961052715974548e-18,0.07170251925154532,0.0,0.0,0.0,0.4360423866607714,0.4035214222799513,0.08873367180773202
2019-03-21,0.0,0.0817939806801931,1.1378018802429308e-17,0.0,0.0,0.4888115146105851,0.40921111169091284,0.02018339301830904
2019-03-28,0.0,0.06724562151032716,2.493912983947656e-18,1.5802839646498633e-18,0.0003641770828231696,0.3437358942913632,0.4690799727622255,0.11957433435326102
2019-04-04,1.6318865792047768e-17,0.16286235263059343,0.0,0.0,0.012132631305974563,0.34427358932602375,0.3622657928736224,0.11846563386378582
2019-04-11,0.0,0.1833840411856713,0.0,4.974346667446752e-18,0.013847006051598908,0.3833867093839726,0.3600629105289615,0.05931933284979574
2019-04-18,3.3528982573866474e-17,0.16307069056451476,0.0,0.0,0.04975222992681291,0.4026075867334766,0.3845694927751958,0.0
2019-04-26,1.106231387008475e-17,0.15872413232388538,4.8557675545603757e-17,1.4880702615338e-17,0.0,0.5445972191030735,0.2966786485730411,5.050384307767735e-18
2019-05-03,5.5188908520516376e-18,0.028434369016906914,1.262272301237669e-17,0.0,0.0,0.5155038781323971,0.45606175285069595,4.6960816853003135e-17
2019-05-10,1.458731022219446e-17,0.25863127318550816,0.0,3.420637020963671e-17,4.2441547925349447e-17,0.3528976560200878,0.38847107079440396,0.0
2019-05-17,9.997798331197417e-18,0.24231339403891705,0.0,1.6735720727887888e-18,0.0,0.2602811215839767,0.49740548437710635,0.0
2019-05-24,7.992177944879171e-19,0.24814758069628837,0.0,4.772553651962129e-18,0.0,0.2671455798610913,0.4847068394426202,0.0
2019-06-03,2.7668208818897654e-18,0.14697033993247613,0.011677514110756251,1.5400659060144443e-18,5.351538683085968e-18,0.2877558007295907,0.5535963452271769,4.057308444108508e-17
2019-06-10,0.0,0.20324935834447136,0.022978673477670238,0.0,1.8420453469880457e-18,0.2927390370691001,0.4810329311087584,0.0
2019-06-17,1.1563735334163993e-19,0.20259411051014053,0.024520046633010616,0.0,0.0,0.3362354898882576,0.4366503529685913,0.0
2019-06-24,8.184696760958446e-18,0.0644341190186045,0.022957198342945167,1.7056057331607987e-17,0.0,0.401303509471822,0.5113051731666284,0.0
2019-07-01,3.430034511736242e-17,0.022657805900577192,0.05029060294183313,1.9132833850591553e-17,0.0,0.4099110942789718,0.5171404968786179,2.2966774492171845e-17
2019-07-09,0.0,0.0,0.02473912317505607,0.0,0.0,0.5111498463019724,0.4641110305229717,0.0
2019-07-16,0.0,0.0,0.030947087324170713,0.0,2.0426206807342725e-18,0.561135890111433,0.40791702256439644,8.650407865346573e-18
2019-07-23,0.0,2.330632436467397e-17,0.011710564808592649,2.9161497553846256e-17,0.0,0.5700803294828242,0.41820910570858316,0.0
2019-07-30,0.0,0.0,1.7991578245646383e-18,2.3334111500839967e-17,0.0,0.6145121451715059,0.38548785482849407,5.391407951153617e-18
2019-08-06,0.0,0.004413646381615254,0.0,0.0,0.0,0.44919760711822454,0.5463887465001603,0.0
2019-08-13,0.0,0.00999993005741176,7.522062641334304e-18,0.01329670571505915,0.0,0.363591445172692,0.6131119190548371,7.847265196648533e-18
2019-08-20,8.982985922570379e-18,0.09845013736641839,2.0454235067495733e-18,0.023514939921048073,0.0,0.3298928815394125,0.5104566580648481,0.03768538310827296
2019-08-27,6.348197004276435e-19,0.13584966246926464,0.02361135870026746,0.08367601510739915,7.837987883878213e-18,0.2307275411936764,0.45384379346755427,0.07229162906183818
2019-09-04,1.79714896798518e-18,0.20810047544106217,0.019694888654697092,0.027902808780658622,0.0,0.26804869285079164,0.39231866837874807,0.08393446589404238
2019-09-11,5.620716058242386e-18,0.19828632253051282,0.03147453140323751,0.10738678957930867,0.0,0.2741531635869041,0.35457371804061805,0.034125474859418754
2019-09-18,1.4469215225326834e-17,0.15435725412892232,8.726500904005498e-18,5.870245074691905e-19,1.2671200987708561e-17,0.535987786696175,0.3096549591749028,0.0
2019-09-25,0.0,0.06606677505171575,2.1160169802998914e-17,5.41877909618617e-17,0.0,0.6661348030697417,0.26779842187854264,0.0
2019-10-02,3.3117423847089547e-17,0.12016077764774921,0.0,8.344081029600084e-18,4.6161973883812747e-17,0.6184399655352809,0.26139925681696974,0.0
2019-10-09,0.0,0.1497841759925043,1.0061531518274883e-18,0.35909855271970575,2.8761728767456396e-17,0.14811578050229743,0.3430014907854925,0.0
2019-10-16,9.297733711334643e-18,0.1157565317196791,3.733945790633349e-19,0.24968922250768458,0.0,1.4983018853305506e-17,0.2802246276403831,0.3543296181322532
2019-10-23,2.0092994181527956e-17,0.19650621027306814,1.613417394429817e-17,0.32497590153331085,0.0,0.01916839903781197,0.37285864391696066,0.08649084523884831
2019-10-30,8.799374122571004e-19,0.36057442350825,0.0,0.29390347154252194,0.0,0.15422787802512367,0.19129422692410453,0.0
2019-11-06,1.483517209618678e-17,0.2730752196803016,5.151022582903675e-17,0.03361394516087663,0.0,0.5827608423007906,0.11054999285803119,0.0
2019-11-13,0.0,0.24276447222023642,0.0,6.881606655280211e-17,4.3322700168059064e-17,0.7066822877580312,0.05055324002173227,7.925460069945488e-17
2019-11-20,0.0,0.22771643392188542,7.075540491963908e-17,6.1732012233831915e-18,2.938350447668883e-17,0.7340162866158013,0.03826727946231322,0.0
2019-11-27,0.0,0.26013233984868944,4.554442192292587e-17,0.0,0.0,0.7000215102512014,0.03984614990010913,0.0
2019-12-05,0.0,0.41172778948884836,0.0,0.0,0.0,0.5882722105111516,9.083811995934181e-18,0.0
2019-12-12,0.0,0.5176239679594965,0.0,0.030795154034588455,0.016371280283485626,0.4352095977224295,3.914690999848683e-18,0.0
2019-12-19,0.0,0.5090287273356813,1.0578109928635488e-17,0.0045154400422038705,0.0,0.4864558326221148,6.226941775422961e-17,0.0
2019-12-27,0.0,0.5120089876076371,0.0,0.2908077190664178,0.015174939226808966,0.18200835409913607,0.0,0.0
2020-01-06,1.4774032146875795e-17,0.3500786488328961,6.42526691351138e-18,0.39910942240766595,0.0,0.1874079805858303,0.06340394817360775,0.0
2020-01-13,0.0,0.2728602473056539,6.42793892596936e-18,0.5700564980952985,0.0,0.07888816583239129,0.07819508876665643,0.0
2020-01-21,1.1791825640192666e-18,0.2892477437297742,1.2996136267526445e-19,0.3331171538066459,8.647724680264508e-18,0.24453483446823157,0.11796230586732051,0.015137962128027918
2020-01-28,4.357261794451057e-18,0.39109345897490333,5.22462353243946e-18,0.30147147245702594,4.933498903136253e-18,0.18398664154990846,0.10485748382328632,0.01859094319487585
2020-02-04,1.2409321281271799e-17,0.4720948516703114,0.0,0.14782788206081682,5.21995918375051e-18,0.23000633364202253,0.11424180768799513,0.03582912493885415
2020-02-11,1.1656493338142347e-17,0.5061924368564413,0.0,0.10239887982729153,0.0,0.20628892579543157,0.10051286013909132,0.0846068973817443
2020-02-19,1.259099121770611e-17,0.4183833127565815,1.1425664212043605e-17,0.116421500262207,0.0,0.2229672739210341,0.15521894496019084,0.08700896809998651
2020-02-26,0.0,0.18038433500100318,0.0,0.056829055480948625,0.0,0.2549520777699231,0.5078345317481251,0.0
2020-03-04,0.0,0.07763301480330977,0.0,0.28319264998911253,1.9134538395823617e-17,0.0,0.6391743352075778,8.951905712603723e-18
2020-03-11,0.0,0.5046794254731688,0.04261019310066583,2.48715137852715e-17,0.12185034662150042,0.06787811729223507,0.2629819175124299,0.0
2020-03-18,0.03379329279505093,0.536663108168109,0.13448985109161263,9.957616783989256e-17,0.0145412873826318,1.1741731391266834e-17,0.28051246056259554,3.962318921972139e-18
2020-03-25,0.07928889760569341,0.43920688320664336,0.14020251099605183,0.0,2.631482914300608e-17,3.2085620956819106e-17,0.3413017081916113,1.1898421809093417e-17
2020-04-01,0.08495793534635197,0.4631106262975968,0.12712519791339075,0.0,1.0621412536444932e-17,3.0787613040136016e-17,0.32480624044266043,0.0
2020-04-08,0.09294315676986444,0.38794895344567254,0.11484612546056885,3.64673283754309e-17,0.0,0.0,0.4042617643238941,3.1826959859359648e-18
2020-04-16,0.12016972592632383,0.23949746266370286,0.0717671133179094,0.0,0.05148416456732403,0.0,0.51708153352474,0.0
2020-04-23,0.13486879466216392,0.1220740808711235,5.691440699741349e-18,1.8386767526664738e-18,1.4318715425119643e-18,0.048467170388425185,0.6945899540782875,0.0
2020-04-30,0.10100522858874475,0.11673593074489615,0.0,0.0,1.902470657657375e-17,0.12216715657093004,0.6600916840954291,0.0
2020-05-07,0.1821152520769534,0.14400927850198827,1.3340262454666085e-17,0.0,0.0,0.11452340935855397,0.5593520600625044,1.4620223059313867e-17
2020-05-14,0.24818057022756554,0.17529862005403285,0.0,0.0,0.0,0.028229848509325785,0.5482909612090759,1.5583286686182095e-17
2020-05-21,0.2995696150642693,0.21921034716179147,0.0,2.6013625886116097e-18,0.0,0.0,0.4812200377739391,2.486800653389922e-18
2020-05-29,0.38197819100239255,0.12727024160363765,0.0,0.0,0.0,1.9507643246158574e-17,0.4907515673939697,0.0
2020-06-05,0.2896352183219621,0.04182601482055744,0.01915796699951358,4.739871558969613e-18,0.08118062144630873,3.2601728821190376e-17,0.5682001784116582,0.0
2020-06-12,0.09744190569118988,0.06811773749907667,0.17247673156859078,2.1947911451636518e-18,2.759332951644653e-18,0.0014430456632469682,0.5909051461762417,0.06961543340165417
2020-06-19,0.0,0.13390869806665667,0.2568018720901544,0.01249638968126161,2.2182318492997144e-18,6.926677039912798e-18,0.5321681305322001,0.06462490962972725
2020-06-26,1.9765872801258827e-18,0.22903597418891147,0.005700465630957641,0.0,0.0,0.11980368494461784,0.5459364915062377,0.09952338372927542
2020-07-06,0.004099238066232918,0.44433915597310847,0.0,4.103914766698326e-19,5.943210688134922e-18,0.0722250047877179,0.3937976438477819,0.08553895732515884
2020-07-13,0.0014974622602495335,0.5214318539592502,5.230589261854993e-19,0.0,1.4378545092201438e-18,6.436216441834238e-19,0.286415570397222,0.19065511338327848
2020-07-20,0.027650827539163005,0.36774203798158717,0.0,0.0,0.0,1.583842396931605e-17,0.4080147900083335,0.1965923444709164
2020-07-27,0.0,0.10033524827256542,0.0,1.1393265304807772e-18,0.0,0.262968937921752,0.5391738834754252,0.09752193033025744
2020-08-03,3.706315010540542e-19,0.08784518642281365,0.0,4.998819524851551e-18,4.243987252480771e-18,0.28727000432126837,0.529617394715346,0.09526741454057201
2020-08-10,6.960582990044274e-18,0.009850004837805786,1.1690414967512287e-17,4.9258282283353576e-17,1.4449664767428282e-18,0.38127591205531836,0.5560380697448362,0.05283601336203957
2020-08-17,8.549976156804205e-18,5.5881470158292965e-18,0.0,0.033441083415714924,5.510661210916048e-18,0.45857815052453516,0.50798076605975,2.113236758385141e-17
2020-08-24,0.0,0.0,6.1610007620727726e-18,0.013467688836001461,1.0300932048933287e-17,0.5358414097039186,0.45069090146007995,0.0
2020-08-31,0.0,0.0,0.0,0.01351775220525189,0.0,0.6052955832758565,0.38118666451889155,0.0
2020-09-08,1.4031929580735847e-18,0.005320103466505142,7.35138378030235e-18,0.37530845108889943,0.006088809438827718,1.2264174874377292e-17,0.5155249744760112,0.09775766152975655
2020-09-15,3.323211272866719e-19,0.09621443752072992,9.403937665145762e-18,0.25125646118468664,0.0024532628933339007,0.016751479391699596,0.5673213338286895,0.06600302518086047
2020-09-22,0.0,0.19177281991339537,8.787493894883989e-18,0.18955142627485788,0.015154066362682031,0.017597883584316937,0.584442159627648,0.0014816442370998969
2020-09-29,0.0,0.13211204559926681,0.0,0.1368840483706442,0.016279142344931528,0.0,0.7147247636851576,0.0
2020-10-06,1.8849288025659708e-20,0.0955333927474037,0.0,0.10631670780260738,0.03127944517793019,0.02686316404687837,0.7400072902251804,0.0
2020-10-13,0.0,0.07880364633214201,0.0,0.1082087089317168,0.02367672765536977,0.0699479016595211,0.7193630154212504,0.0
2020-10-20,0.0,0.12840895919796314,1.6852238791386617e-18,0.16169533551707974,0.0019239594156803992,0.03850327426786703,0.6694684716014098,0.0
2020-10-27,1.4541195584486365e-18,0.24530994602512865,0.0,0.17156799155708416,1.4527118692631394e-18,0.06641320357230264,0.5167088588454846,0.0
2020-11-03,0.0,0.24490033403126474,0.0,0.09865557029064488,1.3787585176455225e-17,0.04693164747534665,0.6095124482027438,0.0
2020-11-10,3.3003499800434233e-18,0.13732897246369108,5.965256216631932e-18,0.11552674087717743,9.440226359259343e-19,0.02059521470705599,0.5909413989717027,0.1356076729803728
2020-11-17,3.899144910470387e-18,0.17099552593980005,8.633788275109746e-19,0.0,0.0,0.07504877468928618,0.5261622091053976,0.22779349026551615
2020-11-24,0.0,0.12521295179159014,4.1048933086390134e-18,0.0992845643798337,8.45361607407143e-18,0.07371018940289993,0.5634228759212265,0.13836941850444978
2020-12-02,4.509883714214521e-19,0.060781196556104714,1.4779024462200712e-19,0.0,0.0,0.3572049120254222,0.46117779574117956,0.1208360956772936
2020-12-09,1.5667154730658483e-17,0.09096935676187656,5.475654309294743e-18,8.511420392254155e-18,0.0,0.31642104967559254,0.45824887370018974,0.13436071986234108
2020-12-16,3.962717500277699e-17,0.042076653376490206,0.0,6.8571643394026095e-18,0.0,0.3335013309376086,0.4666316328937523,0.15779038279214883
2020-12-23,2.3253740345858583e-17,0.05088625793938649,0.0,8.466719465369612e-18,5.994774512716709e-19,0.5360916300315903,0.37962651554607174,0.033395596482951394
2020-12-31,2.867527730104048e-17,0.08675470303571498,0.0,0.0,5.247100486360149e-18,0.4663236717797788,0.4260034412377868,0.020918183946719408
2021-01-08,0.0,0.044167273027013,0.0,0.02259078308900706,1.1785723588572406e-17,0.43448613943752235,0.49875580444645745,5.5811830185649214e-18
2021-01-15,9.522538708102393e-18,0.05177513361356681,1.8038866436021802e-17,0.03964186396608201,0.0,0.4344205448256995,0.4741624575946517,5.925134313875005e-18
2021-01-25,0.0,0.06076793474305433,0.0,0.05613221103038553,0.0,0.3816332781084434,0.4768784074462291,0.02458816867188763
2021-02-01,4.605036749221194e-19,0.12158673935788651,0.0,0.14644227870337023,1.6618312511586926e-17,0.034377601497263315,0.5885086134915224,0.10908476694995757
2021-02-08,0.0,0.15630801007557835,2.7423041080632524e-18,0.10687574556585092,3.6672192691269704e-19,0.13243482892927555,0.5813543770848819,0.023027038344413168
2021-02-16,4.555267929079027e-18,0.16172865367659398,0.0,0.11183683935603873,9.55329545568127e-20,0.15131732871605344,0.5268820821446751,0.048235096106638696
2021-02-23,8.842692498708699e-18,0.17727441736054833,0.0,0.08210666851745405,1.6907511882466389e-19,0.08121035228524354,0.5291133659310305,0.13029519590572355
2021-03-02,7.96249214480194e-18,0.21448898113899018,8.023275393668303e-19,8.023275393668303e-19,4.271774491320444e-18,0.11564291268044566,0.27017129488231834,0.3996968112982457
2021-03-09,0.0,0.26396489046448207,0.007999572481411374,2.9180560350413237e-18,0.0,0.022704507534683713,0.2580961257192636,0.44723490380015923
2021-03-16,0.0,0.3239070423208811,5.486050813091671e-18,0.0,0.0,0.09026755882776964,0.2766115126418901,0.3092138862094591
2021-03-23,4.93165178222474e-18,0.3873014905104369,7.191831665556372e-18,8.961812887962641e-18,0.0,0.05852029295260845,0.25810625366019035,0.29607196287676446
2021-03-30,7.673981819827633e-19,0.33050306134560115,1.5729388162282726e-17,6.918444548478594e-19,4.236845133936378e-18,0.13018253201596283,0.35418611020565843,0.18512829643277764
2021-04-07,4.1568465681762014e-17,0.3374926324781225,0.0,9.111793309963841e-18,0.0,0.36088985915443533,0.3016175083674421,0.0
2021-04-14,0.0,0.20891104377618366,0.0,1.4373965527173187e-17,0.0,0.3189444324892838,0.38931192813231563,0.08283259560221698
2021-04-21,1.9312348618154277e-17,0.13755031904826953,0.0,3.6998373343630155e-18,4.5555401528498106e-18,0.4388586508384514,0.36579881501057737,0.0577922151027017
2021-04-28,0.0,0.17590150309418362,4.7216032620864745e-18,2.836981152709498e-18,1.1684214088516821e-17,0.27297263517937087,0.3292447449408959,0.22188111678554967
2021-05-05,5.797424046950838e-19,0.12759305516259412,7.297645788804121e-18,0.0,1.8537685114680376e-17,0.27798413016789264,0.4544399646143623,0.139982850055151
2021-05-12,1.6636263760189192e-18,0.28140645512590134,0.0,0.0,0.0,0.08748226702978992,0.53606871634817,0.09504256149613878
2021-05-19,1.0284996903236468e-17,0.245552428087585,2.9240156380403155e-18,0.0,0.0,2.6131947240074823e-18,0.6556915480954176,0.0987560238169973
2021-05-26,4.884106397476502e-18,0.2897625346647406,0.0,8.021157686305869e-20,0.0,0.0,0.6038813385704562,0.10635612676480319
2021-06-03,0.0,0.1913086772172603,0.0,0.0,0.0,0.10081529208457957,0.6457358896610181,0.06214014103714198
2021-06-10,2.218066281777335e-17,0.18471126077078306,0.0,8.255120343405918e-18,0.0,0.16459079974893887,0.46665549653830973,0.1840424429419683
2021-06-17,2.865287241826275e-17,6.123352988601717e-17,3.3466483977417595e-17,0.0,8.31935240487713e-18,0.7253894070367082,0.2746105929632918,0.0
2021-06-24,0.0,0.05318055580813274,0.0,0.0,0.0,0.6550281498468564,0.2917912943450108,0.0
2021-07-01,0.0,0.07882155305532669,0.0,0.0,0.0,0.6153137573176224,0.27122003141821677,0.03464465820883411
2021-07-09,2.942196529300669e-17,0.11591940943008915,0.043884693848009956,0.0,0.0,0.48790915833649245,0.2953974924138894,0.05688924597151906
2021-07-16,4.578587799130256e-18,0.4655759966637204,0.06656031656091414,0.0,0.0,0.21439232708886116,0.23232800214293742,0.02114335754356691
2021-07-23,7.169349855392494e-18,0.539658907451862,0.0,1.5591705212688785e-19,8.137815276850943e-20,0.2307475487673425,0.20859557386076027,0.02099796992003538
2021-07-30,0.0,0.514590236948519,3.505628375624429e-18,0.007976523944360873,1.3646079144706812e-17,0.23308768152564896,0.23319234511015682,0.011153212471314343
2021-08-06,1.2339718133365551e-18,0.13898454010400307,0.0,0.0548509410617251,1.5186298520509393e-17,0.386134232597405,0.35092705020172865,0.06910323603513827
2021-08-13,0.0,0.0013893542985573579,0.0,0.13169679198616838,0.0,0.4485334599593961,0.40444535753001093,0.01393503622586723
2021-08-20,0.0,0.0,0.0,0.0827798879957733,1.1746592949148813e-17,0.36724873736222235,0.3964552382064573,0.15351613643554712
2021-08-27,0.0,0.0,0.0,0.030072266630974696,0.0,0.3954060938815847,0.4042247722418,0.17029686724564044
2021-09-03,9.85581203882926e-18,0.0056359660159629645,9.17818568102582e-18,0.02405631448414549,0.0,0.502457626515195,0.435872152000035,0.03197794098466162
2021-09-13,0.0,1.6233104848651733e-18,3.583878619392746e-18,0.013816553237747138,1.4138321558961411e-19,0.5382519947797338,0.4479314519825191,0.0
2021-09-20,0.0,0.0,7.887429360173205e-19,0.0820889594064447,0.0,0.45012702964572077,0.46778401094783445,1.2147049304544161e-18
2021-09-27,1.3837488282939732e-17,0.035881895269810817,0.0,0.1209377513819193,7.389786474352103e-18,0.44809738513305253,0.3950829682152174,0.0
2021-10-04,0.0,0.18597777306750168,2.0774922221784913e-17,0.09153006578840478,0.0,0.2890653940461749,0.34291591399208127,0.0905108531058374
2021-10-11,0.0,0.23067272820525803,5.342651519596636e-19,0.07942232867347124,7.383621693047455e-18,0.18323129036483352,0.31628550328190885,0.19038814947452845
2021-10-18,0.029037384726336928,0.34697202130840815,2.209787709970784e-18,0.07132013266029724,0.0,0.239330400308423,0.2012661998368473,0.11207386115968734
2021-10-25,0.02934435748481052,0.2763773023038539,9.84579105249217e-18,0.15604591001993404,0.0,0.17173850570147606,0.26350619508432244,0.10298772940560302
2021-11-01,3.173239211038156e-17,0.2688913635145205,0.0,5.748263713500248e-17,1.9612351513809433e-17,0.5758434447116225,0.15526519177385695,4.226473516770282e-17
2021-11-08,0.0,0.16920570635140383,1.8575802513090107e-17,8.102435066877003e-17,5.4857345215875376e-17,0.7021698684729168,0.12862442517567924,5.870102106625392e-18
2021-11-15,0.0,0.2885572227984786,2.626032435633429e-19,4.569067427070598e-17,0.0,0.6396150034137295,0.05275100259074186,0.019076771197050046
2021-11-22,5.4029349064884184e-17,0.1727493969353041,1.7755902578222806e-17,3.423577560000247e-17,0.0,0.7083439406067007,0.08036429314665793,0.038542369311337185
2021-11-30,0.0036451965497686415,0.3084767462856245,0.0,0.0,7.737627547328521e-18,0.4631453837412691,0.18742179004240353,0.03731088338093417
2021-12-07,0.023081466337061055,0.4481253520950456,8.080974188998406e-18,2.5108023515155194e-17,0.0,0.3327322025224121,0.19606097904548117,0.0
2021-12-14,0.02775424886152183,0.4775879229831686,0.0,0.0,0.0,0.2867101832443959,0.20794764491091372,3.5706730470457263e-17
2021-12-21,0.043819008373208346,0.6781080409923156,7.871081890767225e-18,0.0,2.453947524770657e-18,0.13209644944977883,0.14597650118469727,0.0
2021-12-29,0.03383920747028974,0.48875207523070013,2.359282146944267e-18,6.650679849174558e-18,0.0,0.1945016554440827,0.28290706185492753,0.0
2022-01-05,0.030528058828668703,0.3834688319825672,0.0,1.0656953435189317e-17,6.5245793588682265e-18,0.2883496423713603,0.29765346681740384,0.0
2022-01-12,0.01154277036084587,0.25838971964648777,0.0,0.0,3.3216726476418906e-18,0.3290403126822574,0.3938037126555331,0.007223484654875895
2022-01-20,0.02316041940139608,0.2810551893412366,0.0,0.0,0.0,0.35513892239025535,0.3315634458380463,0.009082023029065708
2022-01-27,0.04394129717756213,0.1949731927341846,1.0041084370974128e-17,9.457929998652392e-18,0.0,0.3543137096429576,0.3027460419053658,0.10402575853992975
2022-02-03,1.9369706264846403e-06,0.3429491887959707,3.424421444039648e-18,0.021409069244655035,1.488928596035151e-18,0.22563039152899483,0.410009413459753,0.0
2022-02-10,0.024326074446611577,0.48657829981769657,0.0,0.02829684965984276,9.307060241381722e-18,0.13648718448662772,0.3243115915892214,1.2895880565492658e-17
2022-02-17,0.03095807461494444,0.3660827798937142,3.402534856772876e-18,0.005593635785937725,0.0,0.21401503864782134,0.38335047105758235,0.0
2022-02-25,0.029753501344772268,0.5198392297609431,0.0,0.02868225527475859,0.0,0.10986850837980161,0.3118565052397245,2.1572625241848305e-17
2022-03-04,0.11146118765914986,0.5320032192626265,1.686242888612341e-18,4.677699939502704e-18,0.0,0.2032753000646029,0.1532602930136208,8.218142949275549e-18
2022-03-11,0.030272344603299077,0.36123514676971236,0.0,1.6751065201149e-17,9.449507461589602e-18,0.30574088741491834,0.24973892302161665,0.053012698190453594
2022-03-18,0.0,0.37913648050072885,0.0,6.93613273262674e-17,2.9060936760967446e-17,0.2885418437908661,0.2081912111997879,0.12413046450861703
2022-03-25,0.0,0.33718459312513627,1.1026719150438283e-18,2.3316458128631492e-17,0.020814922911324148,0.19120799138389127,0.14910062314101657,0.30169186943863174
2022-04-01,6.111341635470941e-18,0.3389355147744784,0.0,0.0,0.01657384256259028,0.2739212630465908,0.26056197521558805,0.11000740440075257
2022-04-08,0.0,0.4695349408940452,0.0,5.3534362714308856e-18,1.027292879996939e-17,0.357200392582996,0.1321704809603006,0.04109418556265827
2022-04-18,0.0,0.5540624719175,8.067544961545495e-18,0.0,0.0,0.3611221138791007,0.08481541420339937,2.7755575615628914e-17
2022-04-25,7.221087229493172e-18,0.5302216884746499,0.0,5.736675692904963e-19,1.3012981716161344e-17,0.33471944458148917,0.11720781918792336,0.017851047755937634
2022-05-02,3.363152322510856e-18,0.6001886744559005,3.428720527954016e-18,0.0,0.010668966174590318,0.23922942365310113,0.1499129357164081,0.0
2022-05-09,0.0,0.6829744007777427,1.0242522472159444e-18,0.0,0.07779011106830774,0.09689924556993193,0.14233624258401759,0.0
2022-05-16,0.0,0.6468234804470352,1.0020304961254312e-18,0.0,0.06776607206633906,0.10770517830985525,0.17738408155655727,0.000321187620213302
2022-05-23,4.524377349935891e-18,0.6570384202641204,0.0,1.2838852760184103e-17,0.07073143430038707,0.07048106769593442,0.1807008322285535,0.021048245511004697
2022-05-31,6.09253564367671e-18,0.6991738368531343,0.01209369588843874,3.803882997203355e-17,0.12525486497023644,1.0069186892235456e-17,0.14985311061827972,0.013624491669910912
2022-06-07,0.0,0.631871385378406,0.0,1.6729210189403796e-18,0.127822601650566,0.0,0.17957292577059566,0.06073308720043243
2022-06-14,2.8190561511138264e-20,0.6400330895980024,0.017847248061169756,0.0,0.12913472245209168,0.0,0.21298493988873615,2.3344007200993272e-17
2022-06-22,0.0,0.6653780905759723,0.0,7.879188217586128e-18,0.15883847284694183,0.014823295139045223,0.16096014143804074,1.0566183791925703e-17
2022-06-29,9.252675482375435e-19,0.6616072891045836,0.0,3.4572387610144684e-18,0.055971799321368323,0.0992046155866457,0.1832162959874025,1.4675255266563433e-19
2022-07-07,4.953044884830688e-18,0.6202814620571987,0.013407503947708186,0.0,0.044324443555353296,0.12044035510916659,0.20154623533057323,0.0
2022-07-14,1.5332188635409667e-18,0.6183004688360593,9.735661516544073e-18,0.0,0.0,0.2134789357950149,0.16822059536892595,0.0
2022-07-21,0.01944010387832554,0.5708509992804773,0.0,0.0,2.7793491014081174e-18,0.1974371581131009,0.21227173872809624,0.0
2022-07-28,0.01085636061745247,0.38667263724899137,0.0,0.0,2.0569447588511915e-19,0.2779237169429286,0.32454728519062753,0.0
2022-08-04,7.261535146391521e-17,0.5505394501487147,1.3511277482536765e-17,0.032745481717529126,0.0,0.23200798125796546,0.18470708687579052,0.0
2022-08-11,0.0,0.6598937703090414,0.0,0.0,1.9347993719204667e-17,0.2501469861081907,0.08995924358276793,6.873391749507236e-18
2022-08-18,5.765059568340019e-18,0.6262078624516649,0.0,2.752963320463944e-18,1.0759893552639858e-17,0.3050372292427374,0.06875490830559779,1.4783900878575446e-17
2022-08-25,4.519021030821654e-17,0.6622452887070021,0.0,0.0,0.0,0.2768621937781834,0.06089251751481455,8.607524444233442e-19
2022-09-01,0.1390091915033607,0.7598293953775264,0.0,4.0869174238572725e-17,3.027361969405643e-19,9.286934557065516e-18,0.10116141311911303,0.0
2022-09-09,0.14221179340161905,0.6424005121580916,0.0,1.6795077491884913e-17,1.6070546852352292e-17,0.03076769333182493,0.18462000110846447,1.1740204213250784e-17
2022-09-16,0.0,0.5768191926996067,0.04565523655736639,0.0,0.0,0.03406635006092155,0.34345922068210544,0.0
2022-09-23,1.3902823863590864e-18,0.6197872847751033,0.06866006183399656,0.0,4.16220272407048e-18,9.33249183411073e-18,0.2882980628848344,0.023254590506065802
2022-09-30,0.033577482791827436,0.7362198739643313,0.0,4.9460472367578636e-18,0.0,0.06802702168659853,0.16217562155724266,1.3042633118158291e-17
2022-10-07,0.003927181543261252,0.636579187952253,0.03997426915272258,0.0,1.0450572709186658e-17,2.6404861787195028e-17,0.30311417309474714,0.01640518825701595
2022-10-14,0.038857568134724324,0.6303155967047152,0.06591109089274633,0.0,9.10777785162839e-18,2.217360415019235e-17,0.2649157442678143,6.400524295051888e-19
2022-10-21,0.07700032350204229,0.5602974023057493,0.0,5.29620719569559e-17,0.0,0.0,0.3627022741922084,1.0411438497334205e-17
2022-10-28,0.06435197223928962,0.5796101476080515,0.0,0.0,0.0,7.341627367950367e-17,0.35603788015265897,3.522061263975236e-18
2022-11-04,0.059034867437000996,0.5239551129779066,0.0,2.2523241259442704e-17,1.0154957856908819e-17,0.0,0.41701001958509226,4.1555212936536466e-18
2022-11-11,0.0,0.6021660434137351,0.0,0.0,6.78471560282332e-18,0.052157574561844805,0.34567638202442,0.0
2022-11-18,1.0279328833275342e-17,0.5715541741154209,0.0,7.872464113100936e-18,0.0,0.08553977093600877,0.34290605494857035,1.312780232064841e-18
2022-11-28,0.0,0.5073598830893884,0.0,4.4947114758141134e-18,0.0,0.08323358870131793,0.40940652820929363,1.7059984247380046e-17
2022-12-05,0.00920567629158187,0.6686893246122465,0.0,1.292254993695837e-17,3.7603428509890435e-18,0.024928768574200712,0.297176230521971,0.0
2022-12-12,0.0256194022122304,0.828743276581878,1.0133433496666365e-18,4.414874704446516e-18,8.808693379366348e-18,0.0736219019123264,0.07201541929356527,0.0
2022-12-19,1.8931085739565217e-17,0.687515784147176,0.0,7.56687415561547e-18,0.0,0.14128300063201404,0.16533857259342566,0.00586264262738445
2022-12-27,3.216254886139422e-18,0.5695680682707297,0.0,6.141696721742109e-19,0.0,0.0403709817945492,0.17694858570247157,0.21311236423224952
2023-01-04,8.501063602455785e-18,0.6252503865232724,0.0,1.2297164960336249e-17,5.28714584782856e-18,0.20830781416655964,0.16644179931016811,1.408824505590094e-17
2023-01-11,0.0,0.5618432453556546,9.00438077965182e-18,4.746151470349924e-17,3.711222641044692e-18,0.16690922952620657,0.2712475251181389,0.0
2023-01-19,4.3272654989246924e-18,0.5826725977140988,0.0,0.0,4.993351730597228e-18,0.23916042513344127,0.17816697715245997,4.696081685300313e-18
2023-01-26,6.943903440410844e-18,0.6406619569096623,8.248329548243893e-18,1.7622029238021513e-17,9.850726087833036e-18,0.16622166197337077,0.1931163811169669,0.0
2023-02-02,0.0,0.41975897176810206,1.159051082648766e-17,8.219210512206845e-18,0.0,0.30904582792317403,0.27119520030872385,3.3673159693837325e-18
2023-02-09,0.0229521557356721,0.3257479887699632,0.0,0.0,3.769109245732365e-17,0.3182070083085842,0.33309284718578047,4.680607155841163e-17
2023-02-16,0.020180646531610065,0.3820177492362354,0.0,0.0,1.0170297098719889e-17,0.20509458431636174,0.39270701991579277,6.339710275155423e-17
2023-02-24,6.817549360603426e-17,0.45332664640958026,7.195732006784693e-18,1.0947636894497071e-18,0.0,0.22984065881175436,0.3168326947786654,1.7151704592796065e-17
2023-03-03,0.0,0.5517357560302739,0.0,0.0,0.0,0.26649675836862086,0.18176748560110523,3.585865868670157e-17
2023-03-10,1.9021716078415235e-17,0.5274888537541577,0.017575003083584208,1.4318088852723304e-17,0.0,0.31843555134903273,0.13650059181322544,1.1373322831586701e-18
2023-03-17,0.0,0.36093668292009046,6.883667843348869e-19,5.799085472083647e-18,0.0,0.4434375729477351,0.19562574413217448,0.0
2023-03-24,0.08117029481937012,0.28417887428029576,0.0,4.794724490974534e-17,0.0,0.39752933861678763,0.23712149228354631,0.0
2023-03-31,0.12055741281545984,0.27875918847199166,1.0897376452277247e-17,7.10998021964496e-17,4.225279072696838e-17,0.3743898211763954,0.226293577536153,4.811321763378207e-18
2023-04-10,0.03215956323304657,0.23583930109528872,0.0,4.6204850520524426e-17,2.465610156970585e-17,0.5062701056828178,0.2257310299888469,0.0
2023-04-17,2.7193366108429874e-17,0.21345892423769927,6.4349005885315865e-19,1.4874128966432797e-16,8.626778715088387e-19,0.5619400571153426,0.22460101864695803,2.201288289984522e-17
2023-04-24,5.001528994356203e-17,0.25513494708609413,1.1606335783448829e-17,5.420415519610838e-17,0.0,0.6317559941067632,0.1131090588071426,0.0
2023-05-01,2.3803478909108687e-18,0.4248204815352269,4.264536144103866e-18,0.23711702779575428,0.0,0.23509902037726765,0.1029634702917512,8.562593790955996e-18
2023-05-08,6.802615353025306e-18,0.4877223092587564,1.3816044905977835e-18,0.306275592238455,0.0,0.10853770335111251,0.08438530137778327,0.013079093773892825
2023-05-15,3.246596296935585e-18,0.524386932429431,0.0,0.2593197548431532,0.0,0.11480952475149016,0.06897096514646107,0.03251282282946462
2023-05-22,2.109210268044142e-18,0.4410228458576721,0.005614613636662653,0.17763825190305474,0.0,0.23832680262062925,0.1373974859819813,0.0
2023-05-30,0.0,0.2957028510114487,8.087601699810958e-18,0.21476834774702527,0.05052213377092786,0.17836225489896296,0.2606444125716351,2.2306388005176484e-17
2023-06-06,0.0,0.3097782271288275,1.2106575989999731e-17,0.021076786738531375,1.1119675842836079e-17,0.4153291612079721,0.25381582492466903,1.944471322819661e-17
2023-06-13,1.2076289212374047e-17,0.28798837344543854,8.2766365715906e-18,0.040249887111991386,0.0007181274082874341,0.40076169607326256,0.27028191596102014,0.0
2023-06-21,0.0,0.3427586370292059,0.0,0.05900466932751871,1.302056408304153e-19,0.35487491282652206,0.2433617808167533,0.0
2023-06-28,1.8658830067779202e-17,0.3054879116659354,0.0,1.3171750635465845e-17,9.676892695094601e-18,0.46738006776952734,0.21383737527645638,0.013294645288080947
2023-07-06,5.9014159478117096e-18,0.4472455370864551,0.00545464999042632,0.041518548325947674,0.0,0.4170519172717833,0.08872934732538769,1.357461112157122e-18
2023-07-13,1.4342495127419543e-17,0.5167293657457331,0.0,0.024766864848365936,4.252158791275331e-18,0.4196196239130548,0.038884145492845995,6.053542797457435e-19
2023-07-20,1.411391248270086e-17,0.498492578062716,0.0,0.0,0.0,0.4841323285633711,0.01737509337391292,0.0
2023-07-27,0.0,0.4017860597736747,2.307026568851098e-17,0.0,0.0,0.5838442348091779,8.65037679445377e-18,0.014369705417147395
2023-08-03,0.03579053779384769,0.36676255080186587,0.0,4.604957988348223e-19,8.674381444235844e-18,0.4763237942058297,0.0,0.12112311719845682
2023-08-10,0.0,0.43818600345718,0.0,2.789673568193566e-17,5.088182173862835e-17,0.44301314244722345,1.3560260613199308e-18,0.11880085409559656
2023-08-17,2.880850964270148e-17,0.5679388862534349,1.8525331292806275e-18,0.02520018653910256,0.0,0.25820576216463376,0.0,0.14865516504282866
2023-08-24,1.1598259494043584e-18,0.709672407722207,0.01317385837287384,0.04486482699521523,0.0,0.0037822183486466644,0.0,0.2285066885610573
2023-08-31,0.0,0.8400119099756368,0.0,9.116024165450536e-18,0.020989502002586164,0.0,3.3673445848851604e-17,0.13899858802177706
2023-09-08,0.0,0.8791167288539482,0.015239865264060891,1.2789662548617243e-17,0.035716095507043334,2.3813216927564004e-18,3.583256108662679e-18,0.06992731037494761
2023-09-15,4.956316943469685e-18,0.8468631697858862,0.021313575810450534,2.0026727141018198e-17,0.02461941942305164,0.017958566039972416,1.9325468419655166e-17,0.08924526894063915
2023-09-22,0.0,0.9506580972807266,0.0,5.205365996311877e-18,0.0,0.04934190271927341,0.0,2.0816681711721685e-17
2023-09-29,2.2297560895139348e-17,0.7477022743981734,1.0453826320117517e-17,3.939100024070717e-18,2.994026690391045e-17,0.24517053230537283,0.007127193296453737,3.522061263975236e-18
2023-10-06,0.02217390455147436,0.8067875442542098,0.0,0.0,0.0,0.15507294200457225,0.0159656091897435,2.9579811396667005e-18
2023-10-13,0.046868448509441295,0.2880923319984668,7.09912971893353e-17,4.004150145102148e-17,0.0,0.6650392194920919,2.4035657716417134e-17,0.0
2023-10-20,0.17173142672442648,0.2831573021705505,4.9643599962953226e-18,2.312024383931004e-17,6.023847603260978e-17,0.4981053157025331,0.04700595540248971,6.079751713615366e-20
2023-10-27,0.1230636464598249,0.3970828330703107,1.1582265680205633e-17,2.0676090794037736e-17,0.0,0.4566552070972496,0.023198313372614847,0.0
2023-11-03,0.03239685331507408,0.5128048687257912,0.0,3.5985001961562774e-17,0.03402246857347909,0.4207758093856556,0.0,6.962753509691783e-18
2023-11-10,4.0802440572063985e-17,0.6672585642020588,0.0,3.4575755771766e-17,0.05129156686403922,0.28144986893390206,4.499546570613534e-18,0.0
2023-11-17,0.0025970667179505786,0.6636954387943381,1.481946371317852e-17,0.0,0.03601285107127714,0.2976946434164341,0.0,1.2510655114745367e-17
2023-11-27,0.010882997137190929,0.5410106141131742,0.06447758061282516,0.0,0.05447806000094718,0.32915074813586254,0.0,0.0
2023-12-04,0.0,0.3112364262810816,1.813581299384691e-17,2.4778416226077097e-17,0.0,0.6887635737189184,4.025813359441514e-17,0.0
2023-12-11,0.0,0.253528727202438,0.0,0.0,4.2469420101099355e-18,0.7464712727975621,0.0,0.0
2023-12-18,0.0,0.16384331187989618,6.6326255882025674e-18,7.783732292967719e-17,0.0,0.8361566881201037,0.0,0.0
2023-12-26,5.926915811259847e-17,0.24061292159192407,9.184188359088774e-18,6.825786102385042e-18,0.12188426079516242,0.6124968721104246,0.025005945502488938,0.0
2024-01-03,1.649947589330326e-17,0.3428256827865619,0.0,2.196986854403923e-17,0.21092827607869516,0.40454947138734576,0.04169656974739727,0.0
2024-01-10,0.0,0.4275547764599593,0.030062979355194173,0.0,0.18752982996531364,0.2744802716805333,0.0803721425389996,3.337821298950605e-17
2024-01-18,4.869383220457506e-18,0.4125784344941983,0.050523847252276835,0.0,0.2877527595666813,0.09176283617964831,0.15738212250719538,1.1446699107919514e-17
2024-01-25,0.0,0.4731088852743393,0.0,1.7001602974082506e-17,0.2441396739165271,0.1893394490528773,0.09341199175625636,1.8384032792833717e-18
2024-02-01,2.8643471212056455e-17,0.558459479270514,0.0,3.747229856133413e-18,0.1789158506895038,0.13451194857388943,0.1281127214660928,0.0
2024-02-08,0.0,0.5072287656642388,0.0,1.1044566819697875e-18,0.11521342396921141,0.29832804585025713,0.07922976451629264,0.0
2024-02-15,0.04755673557031359,0.6621647464253722,0.0,0.0,0.07941244470725516,0.15298795998085193,0.05787811331620717,9.853634637304789e-17
2024-02-23,0.13878516533151505,0.7504675960905245,0.0,0.0,0.07597393135538577,0.007844370021220399,0.026928937201354402,0.0
2024-03-01,0.3666670974955951,0.43441399052455737,0.0,0.0,0.039357790232184574,0.06965567070357563,0.08990545104408738,1.9371336951863794e-17
2024-03-08,0.1326423542092838,0.365072632706579,0.020642739483088545,0.0,0.12267906142079535,2.4286128663675293e-17,0.35896321218025323,0.0
2024-03-15,0.11010334445481021,0.35645991681656586,0.014488284513814051,1.0460273538346824e-19,0.0,0.23475456515892723,0.28419388905588266,1.8848530982992468e-17
2024-03-22,6.349068099368657e-17,0.17873133151953471,0.0,0.0,5.374095337085809e-17,0.5075356224151314,0.31373304606533386,4.62190613477491e-17
2024-04-01,1.2778394923967966e-17,0.30006408800709705,0.006279454598038348,3.493106510125873e-18,1.330425432057835e-17,0.5112241918213211,0.18243226557354345,0.0
2024-04-08,0.026419714526340378,0.2010229181434332,0.01669560235240219,2.3272275635763105e-18,1.5779051564319916e-18,0.45203868003281433,0.30382308494500987,3.0524530954452034e-17
2024-04-15,0.010233023842978362,0.25223229625981197,0.024077482468743302,2.1177637914257356e-17,0.19994642372845697,0.19251479653326137,0.32099597716674805,1.0358379884342535e-17
2024-04-22,0.012309812804704032,0.17041728693469987,0.10105481585194871,2.703653182538178e-17,0.057356699893669726,0.3344076840012213,0.3244537005137565,0.0
2024-04-29,0.07016259533725544,0.21996838986815234,0.0,3.4146936834021e-17,0.06503295135308004,0.28471796694590273,0.36011809649560933,1.408824505590094e-17
2024-05-06,0.0085588478192415,0.26635757830399814,0.008242649891273162,1.3769865164022361e-17,0.0,0.3024949475721016,0.4143459764133856,3.733018058432086e-18
2024-05-13,0.0,0.21797371397889095,0.0,2.887991341527529e-17,0.0,0.2806825557721827,0.5013437302489263,0.0
2024-05-20,0.0,0.2289532866119747,1.6136349481349947e-17,5.035521917611004e-18,2.7297401526072792e-17,0.31218111876153554,0.4588655946264897,0.0
2024-05-28,0.0,0.1546027089549516,0.1142842904442116,1.0066817068103821e-17,0.0,0.29024946283135405,0.44086353776948267,0.0
2024-06-04,0.011551989613451967,0.11152647491362822,0.03423327137491911,5.519302986315446e-18,4.8790731536066705e-17,0.6410374745519983,0.20165078954600232,6.375599139129245e-17
2024-06-11,4.5440917676155537e-17,0.0581252891534601,0.053137231258628265,5.567503104469363e-17,0.0,0.7289864531042054,0.15975102648370595,1.0786312620924157e-16
2024-06-18,7.164575710486447e-17,0.07004525668792534,0.009611134281250452,0.0,2.4389655382088925e-17,0.8050595588117878,0.11528405021903623,2.270995752500698e-17
2024-06-26,0.0,0.0665127870604035,0.0,6.701055532458249e-17,3.0477799674271696e-17,0.8361336629428053,0.09735354999679116,0.0
2024-07-03,3.334369434157206e-18,0.03052639053799408,3.1975237929232344e-17,3.027039923869376e-18,0.0,0.9020116300561567,6.261715299868068e-18,0.06746197940584918
2024-07-11,2.537585736904777e-17,0.10934334088339728,0.0,0.0,0.0,0.8079825596391641,0.026397528885660406,0.05627657059177809
2024-07-18,0.0,0.10557618864036325,0.0,0.0,0.0,0.6921694704175114,0.06443867442152848,0.1378156665205969
2024-07-25,0.0,0.18370159738263192,1.8632103343489826e-17,0.0,0.0,0.41489207263242556,0.21952542998098254,0.18188090000395996
2024-08-01,0.04731576040525687,0.11103476770599564,0.0,3.8567741810173964e-18,0.14603465548836186,0.012388482168904865,0.5028292422776401,0.18039709195384068
2024-08-08,0.017690582425992,0.25160955450480665,0.0,9.163478258519911e-18,0.2182238229545285,0.0,0.3250393206672826,0.18743671944739038
2024-08-15,0.03771381546703958,0.2632936978009546,4.8496960595528956e-18,2.0126254137160045e-18,0.16046492619761898,0.0,0.32898098752679505,0.20954657300759183
2024-08-22,0.06483347777840595,0.21966722895081128,0.0,2.32263849257103e-18,0.1724421171426826,9.072796365026603e-18,0.2791660998257484,0.26389107630235176
2024-08-29,0.07168019464299284,0.2471010306094619,0.0,0.0,0.1642732486832611,8.212976816750903e-18,0.2892328813307594,0.22771264473352473
2024-09-06,0.06176932551831164,0.08893318052201309,5.303350415902503e-18,0.0,0.11910438169678833,0.0,0.3668171504661783,0.3633759617967087
2024-09-13,0.15860713855046396,0.05356536452333943,2.9090853608852363e-18,0.0,0.012325099276766546,0.05612621370044056,0.41505322878128764,0.30432295516770197
2024-09-20,0.01294302653945488,0.13824607943884093,0.0,0.0,0.05267550699709481,0.11499730358978633,0.41513045283507954,0.2660076305997433
2024-09-27,0.0,0.09483770968846471,0.0,9.397098711427419e-18,1.2146623555812163e-18,0.19823874473819555,0.390346179655289,0.3165773659180506
2024-10-04,0.0,0.0,0.0,0.0,1.978575188592471e-17,0.504933771989629,0.4530310785880497,0.04203514942232142
2024-10-11,2.7017186507802683e-18,0.03654407722687789,3.1185527822669225e-18,8.502200273577718e-18,0.0,0.39363990901035084,0.4662817363675819,0.10353427739518942
2024-10-18,3.4518463567882244e-19,0.07731031388016336,4.450304125175955e-18,0.0,0.0,0.5322819380906713,0.3904077480291654,0.0
2024-10-25,0.0,0.11547596008217281,1.331895360172445e-17,0.0,5.439102003924176e-18,0.5167587532896203,0.36776528662820696,1.8665090292160426e-17
2024-11-01,0.0007463533901329133,0.1622722753620251,9.206100315133932e-20,6.119584751241742e-18,4.623053942035832e-18,0.429275674624874,0.40770569662296796,0.0
2024-11-08,0.07780577730681257,0.11285400152287557,0.0,0.0,3.928389914197195e-17,0.4734713440998789,0.3358688770704329,1.661514057211234e-17
2024-11-15,0.11298074365226266,0.06829885079557997,3.2799245945996853e-18,8.447693355916413e-18,6.471832205332292e-18,0.4469078553584159,0.37181255019374143,0.0
2024-11-22,0.1250388368770478,0.01846721163289883,0.0,3.338752592172023e-17,0.0,0.44200361602117955,0.41449033546887387,0.0
2024-12-02,0.1576992389485363,0.09504728647362416,6.503006496224291e-19,0.0,5.921979577401798e-18,0.49933871686859266,0.24791475770924692,0.0
2024-12-09,0.009704132162907327,0.07221804176271489,1.1829113287635813e-18,0.0,0.0,0.6794643861064341,0.1911685483618994,0.04744489160604435
2024-12-16,0.047794954917106953,0.05979642395852851,1.0243718385049585e-17,0.0,0.0,0.7304211111157749,0.13902294857638936,0.022964561432200315
2024-12-23,0.18289047011312348,0.17538500349954592,0.0,0.0,0.0,0.36934116551817586,0.2723833608691548,1.474463517193336e-17
2024-12-31,0.0021745506151603544,0.2629513845713063,0.0,3.281733408292833e-17,0.004122483846825923,0.2913605672268961,0.4393910137398114,5.004524135059717e-18
2025-01-08,2.9715820249902235e-17,0.2187966682064332,0.0,0.0038952384956155027,0.04271296175957442,0.2068135285383661,0.5277816030000106,0.0
2025-01-16,4.1725342583939216e-17,0.3768362771190761,0.03559073741046493,0.0372889890035088,0.01777034086587767,0.11103881463855962,0.42147484096251286,8.574935092943872e-17
2025-01-24,0.016465771433950258,0.3822388745059564,0.023637968042510806,0.0810961924773681,0.0,0.12267764365150956,0.3738835498887048,1.3721363674236853e-17
2025-01-31,0.006952923864729661,0.3195980668139345,0.0,0.0640399589705016,0.0,0.19643908789748846,0.4129699624533459,0.0
2025-02-07,0.025831535489927702,0.43712060436964745,0.0,1.8808427817530908e-17,7.882095987658586e-18,0.140872439971332,0.3961754201690929,0.0
2025-02-14,0.035187110370603444,0.33074610805253635,1.7459997930148668e-17,2.2181206356317332e-17,1.2087082839738886e-17,0.30026704457290815,0.3252129738799689,0.008586763123983165
2025-02-24,0.07323498631729543,0.36035248108217877,9.261902918269941e-18,0.0,0.00792001775878278,0.12524297909791457,0.2695341382391084,0.1637153975047201
2025-03-03,0.049395609073669425,0.21107338870186534,7.792706918483164e-18,0.0,0.16165994984952506,2.863912074576773e-17,0.10803197764939103,0.4698390747255492
2025-03-10,0.07641022939149453,0.31682530596080355,0.02462651954235368,1.726434520873379e-17,0.08668411544620919,0.0,0.3058909173468811,0.18956291231225808
2025-03-17,0.08802721515131202,0.38608940362208866,0.022656997842159438,1.0876149392297918e-17,0.05476350467222143,6.262778224672694e-18,0.4135700142307758,0.034892864481442624
2025-03-24,0.06386071135454828,0.3543542291578389,0.024475308654121064,2.156585273464188e-18,0.07904589848785937,4.317366321909909e-18,0.38999760032587294,0.08826625201975957
2025-03-31,0.04555553751424163,0.38999861909088607,0.013363609462031434,0.0,0.08943003927119952,5.027224317893871e-18,0.379152409934686,0.08249978472695542
2025-04-07,3.7746890099080595e-18,0.26340568090065,0.06708133839074476,1.9852034845972026e-18,0.16664653092173937,3.814794650666492e-18,0.4980266194916818,0.004839830295184168
2025-04-14,1.0798009651233641e-17,0.35763505051102595,0.032093083946096335,1.1646104715427159e-18,0.03634873378669052,0.0,0.5739231317561873,0.0
2025-04-22,0.0,0.3160813713884594,0.05123038570864267,3.623947973536438e-18,0.036092470841790764,1.426243427469401e-18,0.5965957720611071,1.5464050237141265e-17
2025-04-29,0.0,0.29680269966431316,0.08745109154680109,7.373467798598476e-18,1.0066243852308208e-18,0.0,0.6157462087888858,1.6601382520299932e-17
2025-05-06,3.957952748627759e-18,0.23695027010527225,0.04057524980478236,0.0,0.03467841641873127,5.566446645626021e-19,0.6758311550451613,0.011964908626052845
2025-05-13,0.0,0.09982527656536029,0.00781180737096088,0.005872258675877768,3.3630860926122797e-18,0.0,0.5301540625096983,0.35633659487810276
2025-05-20,0.0,0.08838208682022176,0.0,1.2968888074690962e-17,0.0,0.18285883432392006,0.5183868517530572,0.210372227102801
2025-05-28,2.7962258423486624e-18,0.12713411134395194,1.183508462856857e-17,0.0,0.0,0.2556970024458885,0.6171688862101595,3.396522320016859e-17
2025-06-04,0.0,0.17069506461096076,0.0,1.1131910896221512e-17,0.4114033524241188,5.718900882607777e-18,0.41790158296492047,0.0
2025-06-11,0.0,0.18249395058434012,1.739871936467963e-17,1.7435692347604182e-17,0.38776623173311175,0.09655815014794374,0.33318166753460443,3.184530392844275e-17
2025-06-18,6.7746627275648066e-18,0.25400515250404787,0.0,0.0,0.40559368542858437,0.041157170427347324,0.29924399164002036,2.229983686225062e-18
2025-06-26,0.0,0.2238985081495108,0.0,3.438953334363389e-17,0.37119629479403493,0.1425895979447612,0.2623155991116931,0.0
2025-07-03,2.2262939470327278e-17,0.28041685953088097,1.9804057340493886e-18,0.0,0.0775621775327183,0.3788134779459689,0.26320748499043184,8.951905712603723e-17
2025-07-11,0.032384252541310186,0.3604220282574716,0.01841318895035276,0.0,0.09599000102266676,0.4182962426768964,0.07449428655130216,1.3425893443250525e-18
2025-07-18,0.012829097103885285,0.31870074568653967,0.027468539491793863,2.511719175591568e-18,0.057519061174754985,0.47304924993139785,0.11043330661162845,0.0
2025-07-25,0.0007107575384958917,0.2447536904176312,0.03776890980624685,0.0,0.07749574600755407,0.5559221943606453,0.08334870186942668,0.0
2025-08-01,0.0,0.2811500557567292,0.06000346081277202,0.0,0.0,0.5572648035760132,0.10158167985448578,0.0
2025-08-08,2.6758327444943795e-19,0.29842946977194146,0.09293843470372813,1.4991465656179622e-17,0.0007182552472972703,0.3984676520076285,0.2094461882694046,0.0
2025-08-15,0.0,0.28286234027702317,0.058965093702827286,0.0,0.0006119787446434639,0.4485718332130856,0.20898875406242048,0.0
2025-08-22,1.340633241327584e-17,0.2486110426569743,0.008302294095000077,0.0,0.03172083424868503,0.386468684028579,0.32489714497076166,0.0
2025-08-29,4.275485867169042e-18,0.27777973504607756,0.004305597602682783,8.046244164967692e-18,0.05996729847843752,0.31095363309250285,0.3469937357802993,0.0
2025-09-08,9.004429295746059e-19,0.2592773816544146,0.0,0.0,0.08220937285965646,0.4730960177822502,0.17620386745695535,0.009213360246723347
2025-09-15,2.8979199475185108e-18,0.2995390857880016,0.0,0.0,0.08543097369336755,0.4415390868571962,0.16610609132074391,0.007384762340690876
2025-09-22,1.0149878878716444e-17,0.19689234755093732,3.4401052891944998e-18,2.5274499184889233e-17,0.04777160707880185,0.5881322809178919,0.12977959265734224,0.03742417179502676
2025-09-29,0.0,0.1635173454238695,2.4175312082564402e-17,8.42727552721245e-18,0.046919262821279194,0.5986643820764281,0.16583052757875125,0.025068482099672003
2025-10-06,1.0173573149089633e-17,0.09081757178953748,1.2763332479411469e-17,0.0,0.02903191410934141,0.5874049681844352,0.29274554591668595,2.4158549336272264e-17
2025-10-13,0.0445295523043197,0.02863100797093555,0.0,0.0,0.2015246183801119,0.04210116346969719,0.44008901472266215,0.24312464315227356
2025-10-20,0.05576133487420491,5.396463253938345e-20,1.5232795047336448e-17,0.0,0.22951246508380288,0.05766435969926672,0.5873793840983904,0.06968245624433528
2025-10-27,0.04089064946837799,0.012265529568178299,5.2883958074107164e-18,3.1564572408061537e-18,0.243835882294997,0.0,0.5593422382551155,0.14366570041333127
2025-11-03,0.0020443630272141355,0.03134890598375423,0.0012943605926987157,0.0,0.18032293294089194,0.08234623676401791,0.6118636962021712,0.09077950448925184
2025-11-10,0.018200411519862313,0.022105202358741596,0.0,2.142728522736061e-17,0.044813813269509874,0.26183589505417953,0.6248756288398809,0.028169048957825817
2025-11-17,0.07654449484100277,0.025138254613700606,0.0,0.0,0.05286234160844068,0.17079904640047044,0.6213743526428307,0.05328150989355486
2025-11-24,0.11164553730833053,0.08441786562236608,0.0,0.0,0.06731425669720896,0.0934621756255622,0.6166937836796447,0.026466381066887593
2025-12-02,0.1390145321363852,0.08652232167927153,0.0,0.0,0.04420272956868578,0.08382661004581034,0.5710403286290122,0.0753934779408349
2025-12-09,0.04686880610346235,0.12507087015454393,6.920682032302795e-19,0.0,0.028573462778773318,0.15629315941844066,0.5831082255819824,0.0600854759627974
2025-12-16,0.07367001746623572,0.29543679607793283,2.8527009060632513e-18,9.62565130064015e-18,0.03925037884638648,0.062220416006386156,0.4421250037230801,0.08729738787997872
2025-12-23,0.05540161871687386,0.16500715022070542,6.4384488601677935e-18,3.3321673038177404e-19,0.03113965029893904,0.142782838091591,0.4333843984626656,0.17228434420922512
2025-12-31,0.13060269623184165,0.03659594321968035,8.93568353288619e-18,5.3346569607788535e-18,0.03083306204749901,0.08752298068253919,0.4420302279851765,0.2724150898332633
2026-01-08,0.1291441741682596,0.04718425853490998,0.0,1.8591788295875274e-18,0.05488176985854225,0.06819637963789316,0.4431738264811957,0.2574195913191994
2026-01-15,0.1839953517372267,0.0630342537860755,0.0,0.0,0.0810883950067341,0.020378255954092945,0.4357766180688431,0.21572712544702777
2026-01-23,0.11979107901447708,0.08576163314917744,0.03494396967102485,3.736409034103267e-18,0.0889209410440688,0.012903569499630453,0.44919591909989814,0.2084828885217232
2026-01-30,0.00014454225038681388,0.01687600409000126,5.688077718382449e-18,4.1788888752020655e-18,0.02199854541421833,0.2276713088629242,0.5579590806236167,0.17535051875885263
2026-02-06,0.04002191984822989,0.018137231883597716,0.012366523490023765,9.36846677063469e-18,0.041646292283295194,0.028701548462697783,0.6794461981906643,0.1796802858414914
2026-02-13,0.06397747249870736,0.02977327422207585,0.03121163281335006,0.0,0.034223660902504456,0.09734209843687269,0.5826688840109436,0.16080297711554592
2026-02-23,0.05062950311665206,0.02455219844360642,0.013424152259351835,5.257885558371285e-18,0.02605569194179472,0.14492948860954508,0.6171813661940038,0.1232275994350461
2026-03-02,0.04241990657564533,0.0445132003760858,0.05420555863154655,0.0,0.07081576981308009,0.034682749477173425,0.5203685650770159,0.2329942500494529
2026-03-09,0.051697245084789255,0.05846090898440343,0.04425959355958892,0.0,0.10330616862022268,0.018052007283163907,0.47197014917255914,0.2522539272952727
2026-03-16,0.05345626596315771,0.06293556800404737,0.059490761314459274,2.0040050225352375e-18,0.10969387247077421,8.970003980754603e-18,0.4043227321303054,0.31010080011725605
2026-03-23,0.1415090993408812,0.0842781529282787,0.06448181399326382,1.2194088867617404e-17,0.1578923316039011,1.367065132091195e-18,0.446487244080713,0.10535135805296224
2026-03-30,0.2691002446498995,0.05574478194549806,0.0,2.8286768383962613e-18,0.1808376739677239,2.495554682703691e-17,0.35652782544087924,0.13778947399599942
